Timestep,,BLTI,BRTI,C7,CHIN,CLAV,FBBT,FLTI,FRBT,FRTI,LAKI,LANK,LBAC,LBHD,LBWT,LELB,LELS,LELSO,LFBB,LFFB,LFFT,LFHD,LFIN,LFLB,LFLT,LFMT,LFPI,LFRM,LFWT,LHAP,LHEB,LHEE,LHFR,LHPI,LHTH,LHTO,LKNE,LKNI,LMT5,LSHN,LSHO,LTIA,LTIB,LTIC,LTOE,LTOP,LTOS,LUMB,LUMC,LWRA,LWRB,NOSE,RAKI,RANK,RBWT,RFBT,RFFB,RFFT,RFHD,RFIN,RFLB,RFLT,RFMB,RFMT,RFPI,RFRM,RFWT,RHBA,RHEB,RHEE,RHFR,RHME,RHPI,RHTH,RHTO,RIBL,RIBR,RITL,RITR,RKNE,RKNI,RMT5,RSHN,RSHO,RTIA,RTIB,RTIC,RTOE,RTOP,RTOS,RWRA,RWRB,THD,LHME,RHAP
All Timesteps RMSE,0,0.086869,0.0943126,0.0715871,0.0719404,0.0382374,0.0984825,0.253834,0.0993875,0.197808,0.34701,0.118623,0.0689329,0.0591105,0.100841,0.0861059,0.0890405,0.0929162,0.115909,0.0604174,0.0485671,0.0580615,0.23767,0.185854,0.05408,0.0403917,0.139423,0.264663,0.0900524,0.054802,0.129794,0.272436,0.211121,0.12684,0.140628,0.0789458,0.0914809,0.0731167,0.103311,0.0824152,0.0876546,0.082516,0.112547,0.289491,0.214797,0.138201,0.119816,0.0377028,0.0423272,0.122349,0.111522,0.0524968,0.117445,0.268132,0.0659571,0.106603,0.11781,0.0647129,0.0949789,0.200464,0.112852,0.0561033,0.0738781,0.050114,0.133334,0.0893307,0.0438675,0.0861604,0.257036,0.223342,0.0946987,0.189568,0.164651,0.231083,0.0853468,0.0401053,0.039941,0.196264,0.0613914,0.114797,0.0881035,0.121422,0.0979953,0.0716981,0.296246,0.121735,0.109635,0.154644,0.121486,0.113985,0.159293,0.120642,0.0585981,0.150978,0.0646428
0,0,0.277625,0.250028,0.0545125,0.029641,0.0437259,0.309031,0.255494,0.291803,0.288924,0.315672,0.328043,0.114274,0.0636757,0.101822,0.179465,0.147471,0.152287,0.19527,0.16917,0.111716,0.0246569,0.249895,0.613066,0.164975,0.0839862,0.294706,0.199446,0.065121,0.0493403,0.312408,0.29609,0.14366,0.240008,0.261567,0.158882,0.251776,0.258561,0.20397,0.278911,0.024733,0.270303,0.295873,0.306334,0.273485,0.307718,0.279346,0.0305239,0.0415828,0.156017,0.192267,0.0177392,0.301696,0.288172,0.0752244,0.0661599,0.268787,0.183622,0.0250973,0.211834,0.235328,0.133836,0.174352,0.0591863,0.378633,0.24841,0.0682935,0.164928,0.313935,0.303097,0.20545,0.258841,0.238011,0.212099,0.207158,0.0550614,0.0666054,0.0301888,0.0463696,0.217558,0.203045,0.3395,0.286611,0.0631753,0.320148,0.283557,0.286173,0.398487,0.359027,0.381562,0.212177,0.211633,0.0384516,0,0
1,0,0.154233,0,0.150065,0.214976,0.024267,0.249735,0.425075,0,0.161309,0.260387,0.265655,0.189262,0.133307,0,0.13941,0.122473,0.112291,0.136313,0.311999,0.223286,0.0988452,0.0624218,0.595764,0.125718,0.0872461,0.247941,0.126824,0.134257,0.0509894,0,0.192647,0.116202,0.0936323,0,0.0768676,0.181548,0.195584,0.167014,0,0,0.407091,0.455614,0.247197,0.237235,0.259312,0.239114,0.0308,0.0336142,0,0.0883382,0.0341771,0.157427,0.146022,0.101621,0,0.1488,0.0564373,0.125054,0,0.110522,0,0,0.0489336,0.208138,0,0.223259,0,0.169363,0.158901,0.146664,0.330251,0.108967,0.298514,0.140395,0,0.165607,0.207959,0.220356,0.115246,0,0.189974,0.146766,0.160677,0.184485,0.146234,0.138244,0.230213,0.190301,0.226203,0.338273,0.0970631,0.010747,0.0749644,0.0545692
2,0,0,0,0,0,0.0284709,0,0,0.0947777,0.0681714,0,0,0,0,0.162969,0.152336,0,0.12275,0,0,0,0,0.191478,0,0.0866821,0,0,0.169409,0,0.0694045,0.10893,0,0,0.170483,0,0,0,0,0,0.0878934,0.110653,0,0,0,0,0,0,0.0422657,0.040489,0.360112,0,0.0382314,0.0613881,0.0914781,0,0.040962,0.0789441,0,0,0.0896677,0.0400715,0.0252775,0,0.0823251,0.0842292,0.0182101,0,0.0644735,0.0875517,0.0921455,0,0.43543,0,0,0.0647438,0.058052,0,0,0,0,0.0760265,0.130854,0.0357435,0,0.0633109,0.0582798,0.0448159,0.0947899,0.0730671,0.108773,0,0,0.0157417,0,0.110116
3,0,0,0,0,0,0.0314027,0,0,0.21578,0.14758,0,0,0,0,0,0.19678,0.0886001,0.153214,0.0669979,0,0,0.140896,0,0.496538,0.0766515,0,0,0.228791,0,0.0846738,0,0,0,0.290101,0.293174,0,0.0827532,0.0692259,0,0.100579,0,0,0,0,0,0,0,0.0461031,0.0474014,0,0.259912,0.0314862,0.168775,0.204674,0,0,0.12935,0,0,0,0.103539,0.0709573,0.0748999,0.119369,0.125549,0,0,0,0.195931,0.175335,0,0,0.206964,0,0.0308538,0.0494281,0,0,0,0,0.14465,0.20079,0.125553,0,0.0828464,0.144161,0.178806,0.0990343,0.132054,0.127058,0,0.15844,0.0208376,0.326361,0.141928
4,0,0,0,0,0,0.0275253,0.300851,0,0.30775,0,0.348984,0.366058,0,0.0144103,0.176289,0.23088,0,0,0,0,0,0,0,0,0.0750484,0,0,0,0,0.0893536,0,0,0.166753,0,0,0.133063,0,0,0,0,0.116925,0,0,0.327234,0,0,0,0.0328216,0.0408665,0,0,0.039688,0.318589,0.325196,0,0,0.235865,0.13425,0.0327852,0,0,0.102924,0,0.139253,0,0.292273,0,0.0643214,0.290819,0,0.0586834,0,0,0,0.0659107,0.0321652,0,0,0,0,0,0,0.258321,0.114686,0.214157,0.284776,0.326554,0,0,0,0,0,0.0140459,0,0.162588
5,0,0,0,0.209026,0.206542,0.0339728,0,0,0,0.390429,0,0,0.206397,0,0,0,0.0719821,0,0.0696952,0,0,0.113103,0,0.496334,0.0537745,0.0822893,0.495625,0,0,0.0725222,0.595412,0,0,0,0.40615,0.127398,0.0928375,0.07545,0,0.146939,0.0940217,0,0,0,0.298574,0.473822,0.304879,0.0206672,0.0354451,0,0,0.0626674,0.440908,0,0.0694711,0.158026,0,0,0,0,0,0.101285,0.0425147,0.131302,0,0,0,0.0919568,0,0,0,0,0,0.241068,0.0923285,0,0,0.221482,0.17968,0,0.227819,0,0.371273,0.0961671,0.368504,0.444954,0.400055,0,0,0,0,0,0.0365585,0,0.178448
6,0,0,0.28003,0,0,0.0424151,0,0,0,0,0,0,0,0.0330413,0.184619,0.158397,0,0.124476,0,0,0.169079,0,0.207075,0,0,0,0,0.181962,0.143311,0.0470332,0,0,0.104472,0.229436,0,0.077098,0,0.032328,0.304606,0,0.0644491,0.087293,0,0,0,0,0,0.0206119,0.0332301,0,0,0.078655,0,0.379191,0,0,0.449801,0,0.0611783,0.133579,0,0.0712035,0.0568681,0.108963,0.358113,0,0.029589,0.0904005,0,0.381612,0,0,0,0,0.0950805,0.033319,0.0184337,0,0,0,0,0.413009,0,0.0901537,0.534108,0.543988,0,0,0.359324,0.35392,0,0,0.061861,0,0.164515
7,0,0,0,0.223694,0.194218,0.0404922,0,0.0632142,0.183808,0,0,0,0.23354,0,0,0,0.0942303,0,0.0334209,0.0515727,0,0.0502576,0,0,0.0713798,0.052425,0,0,0,0.0551499,0,0,0.0540952,0,0,0.0490633,0.0390921,0.0588239,0,0,0.0471647,0,0.0363488,0,0,0,0,0.0156083,0.026614,0.29816,0,0.0755989,0,0,0.0812902,0,0,0.0763023,0.086908,0.17542,0.0713954,0.0203971,0.109081,0.0798281,0,0,0.0303841,0.0695398,0,0,0.0769886,0.227081,0.146588,0,0.0764732,0,0.0250046,0.217105,0.0491467,0,0,0,0,0.0997066,0,0,0,0.292694,0,0,0,0.0601842,0.0676287,0.265424,0
8,0,0,0,0,0,0.025704,0,0,0,0,0,0,0,0.0418272,0,0.0640062,0,0,0,0,0,0,0.145462,0.13862,0.127684,0.0929634,0,0,0.0231102,0.0559678,0,0,0.0268198,0,0,0.0526153,0,0.154219,0,0.144287,0.0393379,0,0,0,0,0,0,0.0231778,0.0355891,0,0.140659,0.0557283,0,0,0.0897314,0.0655364,0,0,0.0940363,0.22436,0,0.0455921,0.168955,0.0528174,0,0,0.0319403,0.0406298,0.0652707,0,0.0471138,0,0,0,0.0414621,0,0.0282094,0,0,0,0,0,0,0.101828,0,0,0,0,0,0,0,0.118724,0.0631864,0,0.0428264
9,0,0,0,0.221048,0.199371,0.0141555,0,0,0,0,0,0,0.214832,0,0.152049,0,0.0690813,0.0428077,0,0,0.101789,0.0556594,0,0,0.159551,0.106941,0,0.0750237,0,0.0405126,0,0.240234,0,0,0.199898,0.028819,0,0,0,0,0.0414544,0,0,0,0,0,0,0.0289594,0.0445201,0,0,0.0426569,0,0,0.0878143,0,0,0.165263,0.0854429,0.259719,0,0.0977995,0.202699,0.045317,0,0.100734,0.0306894,0.032945,0,0,0.0231626,0,0,0,0.0203745,0.0241083,0.0238101,0.21515,0.0163122,0,0.133632,0,0,0.088849,0,0,0,0,0,0,0,0.169425,0.065018,0,0
10,0,0,0.25086,0,0,0.0305598,0,0,0.296322,0.241645,0.438661,0.303077,0,0.06215,0,0,0.0795027,0,0,0.161367,0,0.0601651,0,0.0474745,0.146274,0.0928991,0,0,0.0327286,0.0346383,0,0,0.106793,0,0,0.0123732,0.252449,0.242131,0,0,0.0574994,0,0,0.281976,0,0,0,0.0306935,0.0476251,0.169178,0.198645,0.0472687,0,0.329619,0.0744813,0.162931,0,0.182179,0.0797883,0.253059,0.132177,0.114953,0.19499,0.0426805,0,0,0.0337524,0.0319161,0.384483,0,0.0276911,0,0.109202,0.0888027,0.0296582,0.0220484,0.0244621,0,0.00898498,0,0,0,0,0.0710426,0,0,0.310844,0,0,0,0.0926827,0.177609,0.0732309,0,0.0157501
11,0,0,0,0.203908,0.175131,0.0335189,0.298598,0.182457,0,0,0,0,0,0.0548262,0.172623,0,0.12685,0.0908593,0,0,0.0629175,0.0506166,0,0,0.102118,0.0602074,0,0.172327,0,0.0435958,0,0.338217,0.166716,0,0,0.05865,0,0,0,0.35917,0.0732294,0,0.468548,0,0,0.300882,0,0.0274772,0.0428829,0,0,0.0444359,0,0,0.0575755,0,0,0,0.0798562,0.198116,0,0.100419,0.156322,0.0286252,0.323115,0.0867443,0.0340004,0.0482524,0,0,0.0620565,0,0,0,0.0529247,0.0214139,0.0299772,0.210906,0.0169811,0.118049,0.108914,0.303464,0,0.0594614,0,0.158707,0,0,0.408667,0,0,0.147565,0.0628805,0.367322,0.0259887
12,0,0,0,0,0,0.0233657,0,0,0,0,0,0,0.0573356,0.0350175,0,0,0.198597,0.159325,0,0.0368645,0.0217988,0.0259521,0,0.130521,0.0504598,0.0241566,0.23512,0.254223,0,0.0664312,0.171775,0,0.222413,0,0,0.111507,0,0.0879803,0.146882,0,0.0892676,0.0703195,0,0,0.148545,0,0.140714,0.0223457,0.0308529,0,0,0.0334755,0,0,0.0435818,0,0.475099,0,0.0774775,0.119942,0.0871829,0.075695,0.107695,0.00930507,0,0,0.0310686,0.103254,0,0.187499,0.113403,0.329685,0.2844,0.223414,0.0945614,0.0131583,0.0384143,0,0.0319567,0,0.0745549,0,0,0.0648911,0,0,0,0.0402702,0,0,0.218351,0.108682,0.0388477,0,0.0577309
13,0,0,0,0.053144,0.0252452,0.0168551,0,0,0,0,0,0,0.0606261,0.0449748,0,0,0.247521,0.20756,0,0.0314392,0.0122368,0.0196326,0,0.174931,0.0129594,0.0145335,0,0.3052,0.0555272,0.0865448,0,0,0.251597,0,0.356416,0.150664,0.0750622,0.0395066,0,0,0.104393,0,0,0,0,0,0,0.0240464,0.0276531,0,0,0.0323388,0,0,0.0331771,0.0896758,0,0.153938,0.0811988,0.065246,0.0699567,0.0594005,0.0700003,0.017486,0,0.131487,0.0364772,0.146132,0,0,0.150256,0,0,0,0.13029,0.00710489,0.0487256,0,0.042683,0.114213,0.0486942,0,0,0.0741266,0,0,0,0,0,0,0.255382,0.0974031,0.023965,0,0.0761359
14,0,0,0,0,0,0.0195537,0,0.152785,0,0.0264822,0,0.292535,0.0530101,0.072536,0.192021,0,0,0,0,0.0539175,0.0300222,0.0598355,0,0.204702,0.0167254,0.0287578,0,0,0,0.0926528,0,0,0,0,0,0.159425,0,0.052872,0,0,0.11102,0.110688,0,0.278361,0,0,0,0.0311138,0.0379322,0,0,0.0581575,0,0,0.0180518,0,0,0,0.0866457,0.0499404,0.0756357,0.0496397,0.0462739,0.0244613,0,0,0.0465055,0.15137,0,0,0.153173,0,0.337895,0.265303,0.138374,0.0195058,0.0592809,0,0.0424181,0.134774,0.0527813,0,0,0.0735568,0,0,0,0,0,0,0,0.0737864,0.0403588,0.431089,0.0783125
15,0,0.263255,0,0.0586234,0.0691367,0.0248115,0,0.282833,0.163219,0.0517932,0,0,0.0374588,0.0919428,0,0,0.230354,0.195256,0,0.0603665,0.0407583,0.0869372,0.401617,0.219394,0.0331011,0.0399023,0,0.291834,0.0963009,0.081962,0,0,0.214095,0.384518,0,0.134792,0.0369359,0.0610833,0.36731,0.130345,0.107294,0,0,0,0,0,0,0.0436352,0.0517449,0,0,0.0759122,0.144421,0.0740375,0.0146046,0.0981756,0,0.13656,0.0965094,0.0978834,0.0815542,0.0534745,0.0355878,0.0201978,0,0.0969981,0.0552142,0.126425,0,0,0.128447,0.316842,0,0,0.121134,0.039163,0.0678919,0,0.0398583,0,0.04495,0,0,0.0743667,0,0,0,0,0,0.21782,0.217521,0.0173934,0.0632286,0,0.0747899
16,0,0.283744,0,0.0516754,0.0672742,0.0217865,0,0,0,0,0,0,0.0215969,0.0934624,0,0,0,0,0,0.0594565,0.0450881,0.0894994,0,0.231183,0.0431933,0.04556,0.36111,0,0,0.0698058,0.322654,0,0,0,0.370649,0.111388,0.0261013,0.0617379,0,0,0.093662,0.123507,0.182552,0,0.171464,0.355393,0.219226,0.054335,0.0599234,0.322685,0,0.0707165,0.071713,0,0.0267559,0,0.0691469,0,0.109953,0.17857,0,0.0698334,0.0379208,0.0244696,0.0324173,0.0982997,0.0544502,0.101087,0.159886,0.109722,0.104791,0,0.242681,0,0.101727,0.0517775,0.067211,0,0.0414553,0.101612,0.0354969,0.263931,0,0.0834003,0,0.0938943,0.0760319,0,0.0430177,0,0,0.0768574,0.0742682,0,0.0733455
17,0,0,0,0.0487724,0.046311,0.0157405,0.163792,0,0,0.0309243,0,0,0.0258587,0.0813286,0.077084,0,0.171219,0,0,0.0527377,0.042151,0.0742172,0,0.242267,0.0482154,0.0440125,0,0,0,0.0682898,0,0,0,0,0,0.119604,0.0314997,0.0616482,0,0,0.0771207,0.096167,0,0,0,0,0,0.0606251,0.0616995,0,0.298344,0.0498741,0.105898,0.0729427,0.0412548,0,0,0.0442366,0.12406,0.247053,0,0.0753832,0.0461481,0.0321148,0,0.132531,0.0412574,0.095817,0,0,0.100637,0,0,0,0.0964168,0.0545116,0.0557713,0,0.0496905,0.102497,0.0697437,0,0,0.0964943,0,0,0,0.142299,0,0.113966,0,0.14616,0.0733255,0,0.0763744
18,0,0,0.240278,0.0467674,0.022941,0.0129357,0,0,0,0,0,0,0.0332536,0.064173,0.078891,0,0,0.181324,0,0.0442164,0.0342985,0.0545061,0,0.255269,0.0467894,0.0370888,0,0.263804,0,0.0795345,0,0,0.164969,0.35036,0,0.147879,0.0545646,0.063405,0,0,0.0663635,0.0628125,0,0,0,0,0,0.0571445,0.0550887,0,0,0.0302181,0.208767,0,0.0492634,0,0,0.0309939,0.131741,0.277358,0,0.0654605,0.0529746,0.0266612,0,0,0.0239905,0.086877,0.268561,0,0.091272,0,0,0,0.0857308,0.0472321,0.0401044,0,0.0549033,0.119627,0.0878477,0,0,0.099027,0,0,0,0,0,0,0,0.17631,0.0667025,0,0.0728576
19,0,0,0,0.0402169,0.020042,0.00823154,0,0,0,0.200469,0,0,0.0324364,0.0504375,0.0804272,0,0.204923,0,0,0.0391643,0.0270973,0.0412327,0.351309,0.261802,0.0395757,0.0312208,0,0,0,0.0896312,0,0,0,0,0,0.164419,0.0670853,0.0609033,0,0.0421549,0.0598781,0.0458787,0,0,0,0,0,0.0469449,0.0446061,0,0,0.0266474,0,0.441964,0.0534191,0,0.090688,0.0217343,0.125989,0.259024,0,0.0447763,0.0535159,0.0148574,0,0.120444,0.0115724,0.0602886,0,0,0.0612352,0,0.144724,0,0.0581769,0.0381424,0.024737,0,0.0531491,0.111763,0.0844345,0,0,0.0874051,0,0.120616,0.202588,0,0.299026,0,0,0.161245,0.057682,0.402611,0.0585493
20,0,0.064798,0.119541,0.0376671,0.0316982,0.013178,0.0741809,0,0.129394,0,0,0,0.0275292,0.0419093,0.0827668,0.185073,0,0.189742,0,0.0283523,0.0201724,0.0361337,0,0.247756,0.0261269,0.025048,0.159156,0,0,0.0851049,0.225684,0,0,0,0.259113,0.151688,0.063312,0.0472485,0.0834119,0.0369977,0.0575526,0.0393367,0.0673645,0,0.07169,0,0.0257698,0.0373008,0.0351738,0.240974,0,0.0326082,0,0,0.058348,0,0,0.0221659,0.115382,0.21118,0,0.0219412,0.0531602,0.00549577,0.231211,0.0850149,0.0144449,0.0427852,0.391191,0,0.0368302,0,0,0,0.0351249,0.0333425,0.0118588,0,0.0513753,0.0898993,0.0745627,0.188167,0.0986446,0.0750301,0,0,0,0.0603807,0,0,0,0.128988,0.0465837,0,0.0443336
21,0,0,0.0772832,0.0352668,0.0381206,0.024092,0,0,0,0,0,0.276241,0.0291367,0.0298648,0.0862023,0,0.147667,0,0,0.0218486,0.0200595,0.0336358,0,0.222842,0.0212841,0.0262702,0,0.568051,0,0.075944,0,0,0,0,0,0.126666,0.0569815,0.0468725,0,0.0518096,0.0452917,0.0510454,0.0949276,0,0,0,0,0.037704,0.0331429,0,0,0.0347039,0,0,0.06283,0,0.0574422,0.028757,0.101807,0.15978,0,0.0107004,0.0588141,0.00716937,0,0.0762197,0.0257307,0.0595802,0,0,0.0639528,0,0,0,0.0480903,0.0392786,0.0139757,0,0.0563786,0.08447,0.0678171,0,0,0.0708789,0,0.0889362,0,0,0,0.0492813,0.187014,0.109677,0.0309958,0,0.0385575
22,0,0.111188,0.0559735,0.0422571,0.0485701,0.0418335,0.12927,0,0,0,0,0,0.0434124,0.0445505,0.0916175,0,0.129516,0.149046,0,0.0338098,0.0335903,0.0564964,0,0.203832,0.0329449,0.0402261,0,0,0,0.0787056,0,0,0.52717,0.258364,0,0.11261,0.0505401,0.0616356,0,0.0690176,0.025112,0.0619809,0.114858,0,0,0,0,0.0492366,0.0415934,0,0.223661,0.0490351,0.10025,0,0.0689152,0,0.0599697,0.0366267,0.0994208,0.13238,0,0.0148397,0.063759,0.0197548,0,0.11054,0.0403219,0.085063,0,0,0.102975,0.416129,0.321112,0,0.0748413,0.055567,0.0262037,0,0.069403,0.094608,0.0634054,0,0,0.07838,0,0.0670967,0.0692371,0.0807386,0,0.0324176,0,0.119214,0.0521208,0,0.0430674
23,0,0,0.0369364,0.055674,0.0604554,0.0582653,0,0,0.0316739,0,0,0.161293,0.060525,0.0724427,0.0991804,0.11636,0.122324,0.147883,0,0.0462813,0.0438677,0.0834627,0,0.193037,0.0465727,0.0510309,0.20537,0,0,0.0881163,0.163655,0,0,0,0,0.109314,0.0388995,0.0718523,0.130387,0.0733006,0.0143517,0.0681516,0.107058,0,0,0.203733,0.0668956,0.061358,0.0532016,0,0,0.0673067,0.0603737,0,0.0769907,0,0.0693176,0.0451336,0.108764,0.141737,0,0.0253477,0.0670191,0.0323218,0.0815925,0.157144,0.0520841,0.110699,0,0,0.140233,0,0,0,0.103646,0.0722184,0.0356005,0,0.0812759,0.108887,0.0628412,0,0.0487678,0.0885381,0,0.0434302,0.0258229,0.125498,0.064802,0.0517875,0,0.151137,0.0852,0,0.0508631
24,0,0.082114,0.0383427,0.0661423,0.0695475,0.0700392,0.0931137,0,0.0323238,0,0,0.116018,0.072105,0.0918131,0.106905,0,0.10938,0.134743,0,0.0524502,0.0454728,0.100877,0,0.18127,0.0537145,0.0536711,0,0,0,0.0893742,0.129848,0,0,0,0,0.100359,0.0264632,0.074874,0,0.0697037,0.0171308,0.0703285,0.0868899,0,0,0,0,0.0686245,0.0611174,0.225317,0,0.0816193,0.0249222,0,0.0842866,0,0.0782137,0.0504066,0.119672,0.151488,0,0.035447,0.0702925,0.0388106,0.0699535,0.178576,0.0561998,0.124688,0,0,0.15941,0,0,0,0.122651,0.0813263,0.0382818,0,0.0898843,0.122917,0.0660892,0.0428827,0.0491854,0.095947,0,0.0380376,0.025044,0.165302,0.0537432,0.091356,0.327327,0.167343,0.10818,0,0.0592556
25,0,0.0532432,0.0570971,0.0685282,0.0796826,0.0773632,0.0608066,0,0.053965,0,0,0.0789722,0.0728801,0.0998374,0.107284,0.0790499,0.0842053,0.10602,0,0.0481196,0.0380066,0.11027,0,0.161375,0.0509196,0.0458091,0.138058,0,0,0.0778687,0.085858,0,0,0,0.185338,0.0784706,0.0248166,0.0689237,0.0599839,0.0566445,0.0160951,0.0616294,0.0604319,0,0,0.13352,0.0249461,0.0659627,0.059985,0,0,0.0948106,0.0213983,0,0.0831368,0,0.0798635,0.0501201,0.122096,0.136667,0,0.0391506,0.0671069,0.0370063,0.0844878,0.169657,0.0483686,0.12905,0,0,0.162211,0,0.413201,0,0.133091,0.0784764,0.0321671,0,0.0945704,0.131332,0.0702329,0.0735134,0.0599836,0.0951727,0,0.0500091,0.052105,0.193074,0.0724418,0.120883,0,0.154767,0.120294,0.282181,0.0633204
26,0,0.0215655,0.069474,0.0577056,0.082482,0.0740021,0.0257953,0,0.0660803,0,0,0.0418575,0.0592562,0.0902404,0.100941,0.0526304,0.0542832,0.0722326,0,0.0351252,0.0244365,0.104613,0,0.129482,0.0391087,0.0305829,0.0971034,0,0,0.0548465,0.0441594,0,0,0.177555,0,0.0456463,0.0370919,0.0558198,0.0243048,0.0352408,0.0121326,0.0435339,0.0293913,0,0,0.0915701,0.0496895,0.0527857,0.049371,0,0.15397,0.0970239,0.0345464,0,0.07587,0,0.0727991,0.0478937,0.110434,0.11007,0,0.0382085,0.0563911,0.0296311,0.0921975,0.144506,0.0332357,0.126946,0,0,0.153559,0.452967,0,0,0.133199,0.0624156,0.0222293,0,0.0903837,0.129856,0.0737232,0.0882781,0.0654971,0.0818357,0,0.0560681,0.0665672,0.209473,0.0832968,0.136806,0,0.12395,0.11356,0,0.0578852
27,0,0.0253156,0.0763237,0.0364857,0.0747728,0.0614556,0.0206674,0,0.0711681,0,0,0.0324466,0.037996,0.0673966,0.0945214,0.0537002,0.0434067,0.0598069,0,0.0180043,0.0119772,0.0852584,0,0.090824,0.0220105,0.0177591,0.068054,0,0,0.0267582,0.0447091,0,0,0,0,0.0182007,0.0579586,0.0430871,0.0482712,0.0146172,0.032639,0.0210559,0.00964645,0,0,0.0635222,0.0862659,0.0357921,0.0372752,0.134834,0,0.0869967,0.0451803,0,0.0696819,0,0.0612286,0.0474739,0.0954779,0.102218,0,0.0361509,0.0466847,0.0229616,0.08989,0.11221,0.0163525,0.115021,0,0,0.135903,0,0,0,0.123087,0.0380917,0.015471,0,0.077039,0.122365,0.077549,0.0944374,0.0655195,0.0617774,0,0.0570328,0.074062,0.222002,0.0841258,0.147429,0.241652,0.0916234,0.0923028,0,0.0480084
28,0,0.0436589,0.082595,0.019385,0.0692102,0.0518245,0.0374783,0,0.0762661,0,0,0.0449516,0.0248859,0.0494003,0.0936411,0.0691761,0.0525963,0.0693152,0,0.00951595,0.011107,0.0692467,0,0.0625806,0.00783853,0.01672,0.0549461,0,0,0.0142372,0.0605416,0,0,0.14566,0.123182,0.0300291,0.0753316,0.0361275,0.0704077,0.0225496,0.054709,0.0134648,0.0257781,0,0,0.0537573,0.107255,0.0264556,0.034676,0.123318,0.128092,0.0786566,0.0577805,0,0.0698378,0,0.0518167,0.0484983,0.0868471,0.118927,0,0.0366327,0.0433781,0.0210369,0.0860663,0.0819438,0.007219,0.0991789,0,0,0.117641,0,0.271852,0,0.109526,0.0173854,0.0189992,0,0.0640266,0.112502,0.0822619,0.101083,0.0657625,0.0462958,0,0.0592133,0.0817531,0.234665,0.0838014,0.158815,0.21796,0.0736697,0.0735398,0.167864,0.041832
29,0,0.0543497,0.0839556,0.0143744,0.0670123,0.0463677,0.0473808,0,0.0758841,0,0,0.0517609,0.0240119,0.0428659,0.0971929,0.0776416,0.0594105,0.0768418,0,0.0184325,0.0203514,0.0600055,0,0.0484728,0.00903972,0.0241025,0.0469561,0,0,0.0213223,0.0685109,0,0,0.123117,0.10809,0.0439835,0.088944,0.0339369,0.0811902,0.0346441,0.0715485,0.0228293,0.0379138,0,0,0.0478911,0.117889,0.0278003,0.0404814,0.106167,0.110391,0.0735978,0.0626239,0,0.0746824,0,0.0446753,0.0504238,0.0813104,0.149554,0,0.0401547,0.0433462,0.0242888,0.0777631,0.0475069,0.0145357,0.0781841,0,0,0.0964714,0.243132,0,0,0.0913262,0.00838517,0.0258852,0,0.0527234,0.100165,0.0878981,0.0981592,0.0643919,0.0369174,0,0.0591821,0.0825046,0.235665,0.0771009,0.160426,0.183166,0.0720202,0.0615795,0.136583,0.0403357
30,0,0.0641188,0.0695255,0.0212133,0.0649332,0.0432385,0.0571326,0,0.0582019,0,0,0.0587536,0.0292026,0.0441226,0.100986,0.0764124,0.0587343,0.0769696,0,0.0299446,0.0288206,0.0548521,0,0.0466603,0.0170198,0.0322941,0.0443515,0,0,0.029857,0.0766644,0,0,0.0897214,0.0818626,0.0508995,0.100753,0.0395753,0.0905365,0.0463198,0.0849081,0.036121,0.049311,0,0,0.0462144,0.127424,0.0333601,0.0476029,0.0806331,0.0828234,0.0685532,0.0510398,0,0.0794983,0,0.0369765,0.050423,0.0817828,0.184123,0,0.0420095,0.0430136,0.0288144,0.0538979,0.0232494,0.02348,0.0553684,0,0,0.0745961,0,0.172304,0,0.0696394,0.0181645,0.0324473,0,0.0413217,0.0843458,0.0917685,0.0700793,0.0519882,0.0345345,0,0.0483403,0.0641711,0.210926,0.0485585,0.138068,0.147274,0.0890351,0.052554,0.0929081,0.0400902
31,0,0.0717636,0.0412989,0.0311116,0.0636653,0.0425532,0.0642074,0,0.0287888,0,0,0.0634892,0.0343625,0.0493836,0.102144,0.0711875,0.0546247,0.0741433,0,0.0388747,0.0331866,0.0552179,0,0.0530105,0.0224265,0.037268,0.0452857,0,0,0.0370477,0.0823782,0,0,0.0562178,0.0601339,0.0542895,0.110813,0.049699,0.0960425,0.0567974,0.0968231,0.0483944,0.0579814,0,0,0.0482952,0.132902,0.0371198,0.0517288,0.0552039,0.0518845,0.0640655,0.0476383,0,0.0809769,0,0.029246,0.0470069,0.0919202,0.217605,0,0.0390727,0.0420176,0.0315395,0.0491816,0.041323,0.0288434,0.0355254,0,0,0.0538398,0.132158,0.127488,0,0.0460351,0.028972,0.0368233,0,0.0297842,0.0703375,0.092539,0.0260503,0.030231,0.0386406,0,0.0331358,0.0338321,0.164844,0.0257883,0.0958158,0.113999,0.114632,0.0446264,0.0582869,0.0372081
32,0,0.0733433,0.021862,0.0408639,0.0641548,0.0426119,0.0651096,0,0.0301575,0,0,0.0623548,0.0365425,0.0595805,0.0992887,0.0650795,0.0498776,0.0702345,0,0.041697,0.032114,0.063645,0,0.0597777,0.0232961,0.0363598,0.0460282,0,0,0.0403347,0.0825912,0,0,0.0426047,0.0532881,0.0549569,0.11443,0.0552945,0.0952958,0.0611455,0.106558,0.0541176,0.0603776,0,0,0.0498771,0.132109,0.0358664,0.0503108,0.0402705,0.0308606,0.0630549,0.0773898,0,0.0776602,0,0.0254452,0.0390603,0.110058,0.242073,0,0.0316131,0.0378642,0.0304054,0.0884088,0.0663005,0.028556,0.0273666,0,0,0.0368534,0.089785,0.0974376,0,0.0245398,0.0356863,0.0359315,0,0.019524,0.065249,0.0898568,0.0429727,0.0206493,0.0450258,0,0.0352668,0.0350786,0.11798,0.0683811,0.0557995,0.0930564,0.134819,0.0494482,0.0606014,0.0288633
33,0,0.0672816,0.0340915,0.0478829,0.0628455,0.0408513,0.0582417,0,0.0514503,0,0,0.0545451,0.035622,0.0699327,0.091889,0.0569474,0.0431053,0.0640437,0,0.0376659,0.0251047,0.0682789,0,0.063089,0.018912,0.0289877,0.048703,0,0,0.0379938,0.075062,0,0,0.0399856,0.0487755,0.0520415,0.110619,0.0553911,0.0861797,0.0576626,0.111702,0.0521106,0.0547924,0,0,0.0517258,0.1231,0.028347,0.0424038,0.0301555,0.018412,0.0599904,0.105545,0,0.0689446,0,0.0210384,0.026747,0.12662,0.255094,0,0.0188249,0.0293637,0.0245343,0.118674,0.0834044,0.0213634,0.0321212,0,0,0.0251608,0.0674509,0.086212,0,0.0162577,0.0360756,0.0284917,0,0.0156022,0.0733619,0.0819027,0.074491,0.0325229,0.0506496,0,0.0467879,0.0568746,0.0926102,0.101416,0.039133,0.0875351,0.146875,0.057842,0.0704027,0.0173621
34,0,0.0548816,0.0374721,0.0496701,0.0443434,0.035527,0.0458609,0,0.0535242,0,0,0.0422016,0.0352282,0.0658209,0.0845846,0.041803,0.0307259,0.0507604,0,0.0296908,0.0160366,0,0,0.0628023,0.011215,0.0192577,0.0537661,0,0,0.03231,0.0619601,0,0,0.0300608,0.0354432,0.0438215,0.100751,0.0507159,0.0712351,0.0455256,0.112021,0.0434925,0.0429781,0,0,0.0531027,0.110403,0.0199766,0.0334887,0.0148438,0.00614176,0,0.109157,0,0.0600692,0,0.014706,0.0159044,0.119083,0.249473,0,0.00836173,0.0198142,0.0190207,0.123122,0.0827087,0.0141794,0.0331577,0,0,0.0188792,0,0.0933303,0,0.0182745,0.0330508,0.0200532,0,0.0177862,0.0823942,0.0726182,0.0762817,0.0342415,0.0528566,0,0.0459956,0.0587282,0.0873171,0.106074,0.0330744,0.0981944,0.140998,0,0.0613413,0.0116752
35,0,0.0402186,0.0300872,0.0516187,0.012674,0.0329086,0.0328465,0,0.0433362,0,0,0.0301199,0.0401338,0,0.0799483,0.0216248,0.0165829,0.0330884,0,0.021636,0.0105279,0,0,0.0644112,0.0118558,0.0119493,0.0624735,0,0,0.0298833,0.0476204,0,0,0.0128116,0.0157396,0.034388,0.0896678,0.0439888,0.0551781,0.0293001,0.114701,0.0333039,0.0303988,0,0,0.0565878,0.0990922,0.0153956,0.0275908,0.00697367,0.0170367,0,0.0985868,0,0.0538738,0,0.00694025,0.00880014,0.0891435,0.223254,0,0.00376957,0.0167665,0.0195912,0.115152,0.0618436,0.0132126,0.0241624,0,0,0.0121997,0,0,0,0.0154388,0.0328357,0.0154775,0,0.0223732,0.0864204,0.0663494,0.0622435,0.0259233,0.0556343,0,0.0361934,0.0478329,0.0893556,0.0962236,0.0282601,0,0.11257,0,0.0304966,0.00936545
36,0,0.0259453,0.0217666,0.0496106,0.0121187,0.0281837,0.0211801,0,0.032864,0,0,0.0263477,0.041438,0.0531904,0.076268,0.0166448,0.014664,0.02824,0,0.0124045,0.0107858,0.0202159,0,0.0675278,0.0170759,0.00810472,0.0739014,0,0,0.026449,0.0329013,0,0,0.0118019,0.015832,0.0311103,0.0796192,0.0343558,0.0398781,0.016697,0.113023,0.0222606,0.0201335,0,0,0.0649653,0.0857386,0.0115522,0.0222657,0.0176298,0.0257768,0.0247039,0.0862809,0,0.0496005,0,0.00539982,0.003464,0.0760296,0.208693,0,0.00356691,0.0197559,0.0207592,0.106364,0.0486958,0.0123181,0.0224563,0,0,0.0140591,0.159791,0.142638,0,0.021299,0.0296413,0.0111718,0,0.0255946,0.0900721,0.0613755,0.0475535,0.0182132,0.0543688,0,0.0270638,0.0362043,0.0951292,0.0856024,0.0299828,0.152382,0.0980958,0.0631293,0.0176065,0.0107992
37,0,0.0161274,0.018173,0.0473555,0.0095238,0.0238725,0.0163854,0,0.0281719,0,0,0.0304287,0.0414919,0.0518269,0.0738866,0.0202052,0.0165217,0.0314439,0,0.00694705,0.0135186,0.0210853,0,0.0719969,0.020175,0.00875626,0.0829584,0,0,0.0239414,0.0229262,0,0,0.0118155,0.0192213,0.0322912,0.0722045,0.0256373,0.0301387,0.0114386,0.110273,0.0139317,0.0172162,0,0,0.0727041,0.0748636,0.00962853,0.0180749,0.0208726,0.0276678,0.0277737,0.0798955,0,0.0473287,0,0.0081884,0.00437548,0.0777041,0.203436,0,0.00743173,0.0242675,0.0216744,0.10228,0.0395001,0.011319,0.0223174,0,0,0.0169866,0,0.141071,0,0.0264787,0.0259541,0.00915476,0,0.0287967,0.0933712,0.0578854,0.0405479,0.0156113,0.0523896,0,0.0231901,0.0305906,0.0989804,0.0807119,0.0327321,0.15489,0.0952252,0.0625393,0.0136727,0.0129586
38,0,0.0128691,0.0146954,0.0472035,0.00514521,0.0212712,0.0192334,0,0.0238247,0,0,0.0355472,0.041664,0.0492817,0.0728276,0.02363,0.0184414,0.0352131,0,0.00956974,0.0161151,0.0159675,0,0.0785787,0.0225026,0.0101365,0.0892316,0,0,0.0240759,0.018717,0,0,0.00974874,0.0200509,0.0349406,0.0683867,0.0199592,0.0265975,0.0140156,0.109466,0.0133949,0.0212495,0,0,0.0779129,0.0691484,0.00961607,0.0164795,0.0206895,0.0262685,0.0235057,0.074378,0,0.0468742,0,0.00917905,0.0066728,0.0812601,0.200334,0,0.00988253,0.0274258,0.0213629,0.0993029,0.0321026,0.0103543,0.0241225,0,0,0.022397,0.138175,0.130767,0,0.0316516,0.0242344,0.0103476,0,0.0310676,0.0945587,0.0565964,0.0352588,0.0125714,0.0510647,0,0.0194533,0.0256254,0.102253,0.0768711,0.0366371,0.148206,0.0958029,0.0550617,0.0112673,0.0143953
39,0,0.0113666,0.00975117,0.0479688,0.000736625,0.0202502,0.021302,0,0.0174759,0,0,0.0364164,0.0409524,0.0497702,0.072681,0.0239246,0.0186146,0.0357555,0,0.0134445,0.0186817,0.0139839,0,0.0851673,0.0257793,0.0115135,0.0915045,0,0,0.0245098,0.0146189,0,0,0.00792011,0.0191483,0.0359168,0.0671104,0.0158803,0.0233073,0.0180923,0.109567,0.0161931,0.0252055,0,0,0.0796671,0.0661631,0.0094295,0.0172369,0.0192936,0.0243375,0.0181562,0.0672126,0,0.0474021,0,0.00931014,0.00717018,0.0848148,0.199085,0,0.011224,0.0294268,0.0203766,0.0956205,0.0295552,0.00962863,0.028301,0,0,0.0286474,0.126596,0.125089,0,0.036634,0.023648,0.0118953,0,0.0315458,0.0938183,0.0571215,0.0290916,0.00739762,0.0503521,0,0.0136532,0.0187439,0.106848,0.0718413,0.0430331,0.142999,0.0986355,0.0497272,0.0115365,0.0158926
40,0,0.0103209,0.00688844,0.0456261,0.00502335,0.017536,0.0218161,0,0.0117025,0,0,0.0344536,0.0383315,0.0485091,0.0730312,0.0232932,0.0180473,0.0349754,0,0.0171564,0.0211843,0.0142146,0,0.0885634,0.0300136,0.0134214,0.0912609,0,0,0.0225698,0.0092635,0,0,0.00872321,0.018786,0.0345637,0.0653776,0.0132501,0.019435,0.0224722,0.106674,0.0192879,0.0279525,0,0,0.0793883,0.0644896,0.0081205,0.0178249,0.0208121,0.0254878,0.0172644,0.0603004,0,0.0481965,0,0.0112795,0.00773493,0.0853887,0.199626,0,0.0134157,0.0322075,0.019786,0.0919818,0.0314573,0.00919993,0.0327113,0,0,0.0343612,0.123318,0.124459,0,0.0400221,0.0215466,0.0123566,0,0.0320031,0.0936301,0.0572973,0.024048,0.00541525,0.0482528,0,0.00770096,0.012179,0.112089,0.0670171,0.0493694,0.140762,0.103026,0.0466061,0.00910308,0.0172057
41,0,0.0102238,0.0105616,0.0406666,0.0107779,0.0120371,0.0217873,0,0.00900271,0,0,0.0331271,0.0336863,0.0457113,0.0731701,0.0217285,0.0173107,0.0324943,0,0.0191149,0.0223873,0.015732,0,0.0880609,0.0336233,0.0148547,0.0910809,0,0,0.0180339,0.00733486,0,0,0.0130147,0.0202409,0.030836,0.0624832,0.0143737,0.0175397,0.0254847,0.100224,0.0214379,0.0289267,0,0,0.0792563,0.0642475,0.005274,0.0170585,0.0249516,0.0297404,0.021811,0.0554628,0,0.0485387,0,0.014361,0.00962131,0.0815244,0.199562,0,0.0170951,0.0355791,0.0195777,0.086898,0.0334982,0.00921232,0.0370156,0,0,0.040339,0.125223,0.12699,0,0.0430815,0.016889,0.0126347,0,0.0349952,0.0961343,0.0553226,0.0187607,0.0107662,0.0449552,0,0.00421763,0.0084809,0.118311,0.0616795,0.0537913,0.141322,0.105641,0.0461863,0.00907578,0.0179547
42,0,0.00741627,0.015931,0.036183,0.0168837,0.00807125,0.0179114,0,0.0113403,0,0,0.0290746,0.0297072,0.0433467,0.0739272,0.0215295,0.0175652,0.0313695,0,0.0184271,0.0217319,0.0187241,0,0.0872036,0.0349608,0.0157105,0.08821,0,0,0.0140978,0.00934637,0,0,0.0173619,0.0236157,0.0276356,0.0599599,0.0164159,0.016982,0.024718,0.0938045,0.0198103,0.026049,0,0,0.077041,0.0653723,0.0035833,0.016003,0.0297295,0.0340019,0.0275369,0.0549915,0,0.0492593,0,0.0166763,0.0121956,0.0767125,0.199648,0,0.0204717,0.0374017,0.0199363,0.082563,0.0330592,0.00937415,0.0418302,0,0,0.0468614,0.125723,0.128204,0,0.0465459,0.0122387,0.0129988,0,0.0396341,0.0996475,0.0523313,0.0146959,0.0162822,0.0428108,0,0.00813278,0.0108979,0.122408,0.0580044,0.0549798,0.141326,0.1061,0.0473439,0.0100123,0.0191323
43,0,0.00554221,0.020111,0.0326361,0.0219206,0.00758818,0.0112817,0,0.0142371,0,0,0.0233705,0.0264449,0.041798,0.0749794,0.0213237,0.0171078,0.0308198,0,0.0164515,0.0205564,0.0216706,0,0.0873686,0.0348966,0.016855,0.0833946,0,0,0.010851,0.0161735,0,0,0.019827,0.0268691,0.0247337,0.0587589,0.018526,0.0200227,0.0213181,0.0887668,0.0151262,0.0208088,0,0,0.0735593,0.0677909,0.00433916,0.0160602,0.0327766,0.0361412,0.0318282,0.0554543,0,0.0500188,0,0.0180648,0.0140524,0.0734439,0.200636,0,0.0222854,0.0375182,0.0209827,0.0785028,0.0311496,0.00964579,0.0467093,0,0,0.0531962,0.123517,0.127188,0,0.0499408,0.00838465,0.0127783,0,0.0435655,0.10221,0.0501162,0.0116477,0.0202922,0.0419254,0,0.0121288,0.0140936,0.126161,0.0547492,0.056386,0.139713,0.105746,0.0481888,0.010578,0.0205701
44,0,0.00724915,0.021478,0.0290875,0.0255229,0.00847259,0.00832588,0,0.0149158,0,0,0.0216814,0.0235403,0.0402825,0.0760725,0.0206614,0.0156163,0.0302583,0,0.016286,0.0207935,0.0236561,0,0.0887136,0.0353899,0.0185175,0.0818937,0,0,0.00753411,0.0194372,0,0,0.0206399,0.0287004,0.0217407,0.0586148,0.0197815,0.0214193,0.0199546,0.0850327,0.0125167,0.0187949,0,0,0.0728925,0.0681384,0.00635202,0.0176027,0.0338665,0.0364977,0.0345831,0.0535276,0,0.0507666,0,0.0183189,0.014156,0.0719764,0.20329,0,0.0220738,0.0368888,0.0218588,0.0759401,0.0291794,0.00914905,0.0515572,0,0,0.0588632,0.119363,0.124037,0,0.0527982,0.00540873,0.0112827,0,0.0456459,0.102387,0.049833,0.0117231,0.0217715,0.041705,0,0.0130832,0.0146677,0.129493,0.051965,0.0596765,0.136254,0.106312,0.0479731,0.0106322,0.0222937
45,0,0.00871437,0.0206549,0.0253277,0.0283664,0.00988587,0.00681802,0,0.0139899,0,0,0.0211693,0.0208079,0.0391934,0.077455,0.019867,0.0137787,0.0297302,0,0.0157174,0.0209056,0.0257494,0,0.0907057,0.0356245,0.0194659,0.0812976,0,0,0.00418267,0.0209392,0,0,0.0211098,0.0298482,0.0187625,0.0595364,0.0204832,0.0221154,0.0186049,0.0819002,0.010258,0.0176046,0,0,0.0727147,0.0684674,0.0088402,0.0199045,0.0345844,0.0364929,0.036794,0.0503228,0,0.0519388,0,0.0181729,0.0134938,0.0713605,0.207145,0,0.0211506,0.0351171,0.0220046,0.0766488,0.0273168,0.00783385,0.0572201,0,0,0.0648185,0.114103,0.119397,0,0.0561368,0.00326771,0.00909501,0,0.0466964,0.100986,0.0507397,0.0155566,0.0215677,0.0420395,0,0.0118023,0.0131968,0.130405,0.0515579,0.0624292,0.131526,0.107644,0.0479127,0.0108626,0.0246289
46,0,0.00968699,0.0188676,0.0224461,0.0295055,0.0112995,0.00572571,0,0.0121391,0,0,0.0221873,0.0195103,0.0380479,0.0791,0.0196811,0.0123521,0.029751,0,0.0146448,0.0205434,0.0267692,0,0.0931419,0.0353563,0.0201225,0.082058,0,0,0.00167975,0.0215704,0,0,0.0216726,0.0310946,0.0164584,0.0608078,0.021696,0.0212605,0.016867,0.079965,0.00772663,0.0164671,0,0,0.0737575,0.0677731,0.0113167,0.0217062,0.0352216,0.036325,0.0374609,0.0505004,0,0.053516,0,0.0171045,0.0133019,0.0721736,0.21086,0,0.0203694,0.0329476,0.0224121,0.0786935,0.0256446,0.00636244,0.0644801,0,0,0.0719859,0.109624,0.115141,0,0.0611215,0.00294142,0.00742128,0,0.0472114,0.0995208,0.0515098,0.0176999,0.0201316,0.0438194,0,0.00975888,0.011083,0.128016,0.0527091,0.0614847,0.12702,0.109132,0.0472094,0.0116749,0.0284544
47,0,0.0111903,0.0178632,0.0208371,0.0292295,0.0121708,0.00664129,0,0.0102639,0,0,0.0243274,0.0194118,0.0364864,0.0806591,0.0195822,0.0113194,0.0294007,0,0.0151877,0.0209366,0.0260126,0,0.0958001,0.0358953,0.0214946,0.084053,0,0,0.00201734,0.0219049,0,0,0.0210844,0.0314377,0.0144212,0.061865,0.0229365,0.019,0.0171161,0.0793982,0.00722956,0.0169902,0,0,0.0760344,0.0654688,0.0134545,0.0231438,0.0345462,0.0352532,0.0362869,0.0536534,0,0.0550003,0,0.0150665,0.0135948,0.0745525,0.213063,0,0.0195831,0.0314306,0.0234191,0.079394,0.0246475,0.00523596,0.0713295,0,0,0.0785738,0.107099,0.113002,0,0.0663044,0.00380012,0.00647094,0,0.0472139,0.0984095,0.052087,0.0168851,0.0185952,0.0464203,0,0.00847552,0.00973122,0.125011,0.053079,0.0586249,0.124257,0.109943,0.044825,0.0108404,0.0327213
48,0,0.0115032,0.0166228,0.0200757,0.0287647,0.0138055,0.0103048,0,0.00904983,0,0,0.0282529,0.0207722,0.0338217,0.0817891,0.0206432,0.0113582,0.0302918,0,0.0174629,0.0226951,0.0241881,0,0.0987183,0.0372354,0.023596,0.0881721,0,0,0.00489858,0.0203168,0,0,0.020585,0.0317695,0.0139603,0.0619332,0.0231394,0.0140909,0.0192172,0.0800944,0.0093472,0.019637,0,0,0.0798918,0.0611611,0.0153101,0.0241266,0.0336196,0.0341884,0.0346793,0.0573173,0,0.0559351,0,0.0122431,0.0136304,0.0781307,0.213811,0,0.0177966,0.0307647,0.0250797,0.0806251,0.0237779,0.00490266,0.0765858,0,0,0.0835649,0.105934,0.11269,0,0.0703634,0.00591143,0.00619221,0,0.0473091,0.0972318,0.0528106,0.0161976,0.0160427,0.0494947,0,0.00788895,0.00955775,0.121566,0.0542438,0.0553658,0.122999,0.109657,0.0407348,0.0100519,0.0368517
49,0,0.0110674,0.0144637,0.0186774,0.0298979,0.0168443,0.0145996,0,0.00828037,0,0,0.0332079,0.0222612,0.0312898,0.0827545,0.0222443,0.0124095,0.0316156,0,0.0194327,0.0244997,0.0244288,0,0.100643,0.0383876,0.0253382,0.0933646,0,0,0.00788351,0.0182608,0,0,0.0209277,0.0325543,0.0138523,0.0614682,0.0227206,0.00750669,0.0210266,0.0800783,0.011553,0.0226248,0,0,0.0843485,0.0566398,0.0173014,0.0251871,0.033527,0.0341467,0.035258,0.0587402,0,0.0566834,0,0.0107442,0.0132209,0.080707,0.214315,0,0.0154363,0.0302225,0.0265397,0.082535,0.0235595,0.00525854,0.0804817,0,0,0.0872713,0.105269,0.112779,0,0.0732762,0.00866851,0.00684171,0,0.0483111,0.0957222,0.0539227,0.0177711,0.0127393,0.0524144,0,0.00740323,0.00926969,0.119033,0.0557968,0.0541077,0.122181,0.109019,0.0381267,0.01067,0.0401916
50,0,0.0106287,0.0119158,0.0167345,0.0320348,0.0199964,0.0176313,0,0.00788675,0,0,0.0368638,0.0232475,0.0298979,0.0838366,0.023448,0.0135124,0.0322675,0,0.0202083,0.02555,0.0263917,0,0.101886,0.0389155,0.0262216,0.0970849,0,0,0.0106076,0.0172496,0,0,0.0213229,0.033179,0.013289,0.0615742,0.0218739,0.00363661,0.0216441,0.0794677,0.0125426,0.02457,0,0,0.0873245,0.0543853,0.0194312,0.0268001,0.0333348,0.0341876,0.0372286,0.0589525,0,0.0575892,0,0.0111824,0.0124475,0.0822513,0.215166,0,0.0127434,0.0292763,0.0275919,0.084815,0.0242664,0.00584404,0.083545,0,0,0.0900264,0.104584,0.112492,0,0.0754763,0.011159,0.00811852,0,0.0494953,0.093582,0.0558022,0.020658,0.00908664,0.0548218,0,0.00773359,0.00890255,0.11697,0.0573599,0.0543699,0.121223,0.108845,0.037512,0.0120387,0.0427636
51,0,0.0064953,0.0121417,0.014754,0.0344888,0.0226229,0.0139775,0,0.00806591,0,0,0.0346753,0.0236684,0.029435,0.0849396,0.0244254,0.0148493,0.0324551,0,0.0175866,0.0240628,0.0288028,0,0.102399,0.0368095,0.0253163,0.0946293,0,0,0.0127729,0.0153919,0,0,0.0223925,0.0344779,0.012468,0.063294,0.0223103,0.0078056,0.0169347,0.0784444,0.00844805,0.0206441,0,0,0.0846439,0.0580683,0.0213197,0.028413,0.0336921,0.0346049,0.0396928,0.0597503,0,0.0585206,0,0.0120269,0.0122248,0.0827306,0.215822,0,0.0107902,0.0274077,0.0282333,0.0841591,0.0251695,0.00681406,0.0860868,0,0,0.0924385,0.104086,0.112021,0,0.0775016,0.0133671,0.00982129,0,0.0509627,0.0921541,0.0573608,0.0203274,0.00807252,0.0566431,0,0.0097488,0.00935541,0.11717,0.0564394,0.0551861,0.1206,0.10863,0.0381565,0.0143856,0.0444595
52,0,0.00667952,0.0137648,0.0142584,0.0356533,0.0243744,0.00817053,0,0.00999391,0,0,0.0304699,0.0244258,0.0290727,0.0859024,0.0250446,0.0156586,0.03262,0,0.0150099,0.0217288,0.0298183,0,0.103454,0.0335316,0.023882,0.0896477,0,0,0.0146782,0.0161061,0,0,0.0229863,0.0354862,0.0125946,0.0668071,0.0252155,0.0138495,0.0112201,0.0788674,0.00659846,0.0154229,0,0,0.080014,0.0634225,0.0226746,0.0298199,0.0337061,0.0344247,0.040276,0.0621861,0,0.0593273,0,0.012337,0.0121932,0.0847557,0.216793,0,0.009294,0.0254941,0.0287591,0.084281,0.0262302,0.00788559,0.0885674,0,0,0.0944067,0.103196,0.111109,0,0.079524,0.0149245,0.0112435,0,0.0511579,0.0908803,0.0589396,0.0202025,0.00878725,0.058292,0,0.0128145,0.0116891,0.116018,0.0566153,0.0544677,0.119603,0.108955,0.0370383,0.0159259,0.0462344
53,0,0.0108942,0.01379,0.0156228,0.0354796,0.0255013,0.00457432,0,0.0146193,0,0,0.0278617,0.0257996,0.0289364,0.0865279,0.0251722,0.015654,0.0326769,0,0.0147909,0.0199494,0.0297544,0,0.10498,0.0305317,0.0226942,0.0862407,0,0,0.0162877,0.0182167,0,0,0.0226247,0.0353908,0.0135275,0.0707962,0.0289127,0.0168144,0.00965291,0.0808344,0.0107675,0.0132099,0,0,0.0772526,0.0661732,0.0234812,0.0307954,0.0328662,0.0334865,0.0392286,0.0650455,0,0.0598845,0,0.0134545,0.011582,0.0881614,0.218476,0,0.00764749,0.0241275,0.0291135,0.0911499,0.0276087,0.00874679,0.0913454,0,0,0.0962229,0.101529,0.109453,0,0.0817832,0.015857,0.0122583,0,0.0500388,0.0889925,0.0607988,0.0274098,0.00867509,0.0599326,0,0.0162244,0.016078,0.109438,0.0631822,0.0518869,0.117781,0.110011,0.0346633,0.0163849,0.0484393
54,0,0.0139677,0.0155678,0.0193625,0.0336985,0.0260297,0.00428925,0,0.020773,0,0,0.0267551,0.027859,0.0293872,0.0868622,0.0243696,0.0147113,0.0316221,0,0.0153967,0.0177992,0.0286709,0,0.106533,0.0273637,0.0208309,0.084356,0,0,0.0172486,0.0194844,0,0,0.0219025,0.0335146,0.0141707,0.0750103,0.0323639,0.0180089,0.0108115,0.0842284,0.0155964,0.0131673,0,0,0.0757752,0.0675498,0.0236639,0.0312199,0.0307273,0.032348,0.0361028,0.0691834,0,0.0603809,0,0.0151535,0.0105973,0.0936822,0.221881,0,0.00633375,0.0227872,0.0291852,0.10015,0.0304306,0.00884297,0.0959883,0,0,0.0992923,0.0980004,0.105838,0,0.0857656,0.0157374,0.0127017,0,0.0471405,0.0867476,0.0629861,0.0371084,0.0104296,0.0621343,0,0.0203955,0.0223421,0.100944,0.0718358,0.0495196,0.114059,0.112701,0.0306915,0.0180996,0.051693
55,0,0.0209823,0.0197057,0.0230345,0.0315512,0.0260225,0.0082395,0,0.0257243,0,0,0.0248267,0.0291158,0.0307934,0.0869619,0.0229539,0.0139096,0.0288509,0,0.0193668,0.0142197,0.0277384,0,0.106426,0.022211,0.0184626,0.079836,0,0,0.0170063,0.0236196,0,0,0.0244367,0.0326057,0.012778,0.0818525,0.0402427,0.0224692,0.0170044,0.0869228,0.0243127,0.0148633,0,0,0.0724417,0.0711038,0.0232355,0.0312484,0.0297699,0.0334066,0.0324002,0.0753887,0,0.0607041,0,0.0149215,0.0103833,0.0992253,0.226283,0,0.00654178,0.0213275,0.0290763,0.105427,0.0350642,0.00856293,0.101067,0,0,0.102858,0.0941665,0.101441,0,0.0903675,0.0147529,0.0128359,0,0.0437522,0.0856361,0.0643701,0.0430788,0.0136137,0.0641107,0,0.0241495,0.027985,0.0941881,0.0774768,0.0459281,0.109785,0.116702,0.0275953,0.0250841,0.0545046
56,0,0.0325774,0.0238017,0.0258643,0.0300954,0.0258666,0.0187383,0,0.0297502,0,0,0.024097,0.0294359,0.03252,0.0868954,0.0226062,0.015216,0.0253468,0,0.0275389,0.0112468,0.0277562,0,0.10402,0.0163757,0.0173086,0.0719955,0,0,0.0158501,0.0326836,0,0,0.0334025,0.0362519,0.00938988,0.0910782,0.052016,0.032098,0.0288177,0.0883601,0.03642,0.0225476,0,0,0.067291,0.0784028,0.0225581,0.0311805,0.033156,0.0391437,0.0294695,0.0809652,0,0.0608296,0,0.0152487,0.0104679,0.104583,0.230976,0,0.00673616,0.0203029,0.0292514,0.108388,0.0407756,0.00819359,0.105243,0,0,0.10566,0.0914553,0.0975559,0,0.0942874,0.0132619,0.0129414,0,0.0404948,0.0850205,0.065622,0.0469905,0.0168716,0.0658854,0,0.0275453,0.032573,0.089829,0.0810537,0.0432558,0.105986,0.121593,0.0261379,0.0388071,0.0566286
57,0,0.0493505,0.0249542,0.0271417,0.0306424,0.0256733,0.0359249,0,0.0311165,0,0,0.0308237,0.0286674,0.0352832,0.0873847,0.0243586,0.0190274,0.022174,0,0.0393627,0.0121551,0.0295906,0,0.100413,0.0116649,0.0189143,0.0603423,0,0,0.0154098,0.0479965,0,0,0.0478976,0.0452966,0.00543504,0.103734,0.0669166,0.0493054,0.0453851,0.0886627,0.0523136,0.0377704,0,0,0.0603179,0.0933071,0.0224419,0.0325189,0.0417167,0.049733,0.0290641,0.0829102,0,0.0616773,0,0.0150982,0.00976194,0.10845,0.237702,0,0.00808055,0.0183194,0.0282881,0.110298,0.0487046,0.00903233,0.108028,0,0,0.106789,0.0889141,0.0928629,0,0.0965289,0.0118713,0.0143694,0,0.0365011,0.0826549,0.0675969,0.0499924,0.017789,0.0662892,0,0.0287208,0.034318,0.0880809,0.0829538,0.0437893,0.101117,0.128857,0.0280422,0.0582072,0.0578369
58,0,0.0667947,0.0225754,0.0278907,0.0313481,0.025147,0.0539984,0,0.0284877,0,0,0.045494,0.0277161,0.038194,0.0887752,0.027998,0.0239021,0.0215176,0,0.0518194,0.0176347,0.0310949,0,0.0957118,0.0119687,0.0239263,0.0524955,0,0,0.0162395,0.0661346,0,0,0.063699,0.0570819,0.0066074,0.116737,0.0819178,0.0685548,0.0616016,0.0884104,0.0678097,0.0542176,0,0,0.0582605,0.110775,0.0231529,0.0346638,0.0531564,0.0624678,0.0291734,0.0803511,0,0.0638562,0,0.0149518,0.00982726,0.110336,0.245707,0,0.0125956,0.0166587,0.0258137,0.109204,0.058226,0.011133,0.11056,0,0,0.107624,0.0882898,0.0889897,0,0.0984646,0.011303,0.0173653,0,0.0321576,0.079319,0.0695639,0.0499079,0.0157908,0.0660807,0,0.0266818,0.031926,0.0901478,0.0811754,0.0465532,0.096353,0.137784,0.0310188,0.0784428,0.0592398
59,0,0.0848292,0.0188133,0.030527,0.0303654,0.0241487,0.0731525,0,0.0214275,0,0,0.0646564,0.0275,0.0423731,0.0909226,0.0285622,0.0251509,0.0200684,0,0.0635849,0.0258737,0.0313306,0,0.0919112,0.0179401,0.0317904,0.0535851,0,0,0.0182915,0.0878087,0,0,0.0727342,0.0643854,0.00924607,0.129035,0.0956492,0.0904214,0.0769196,0.0905648,0.0817788,0.0712615,0,0,0.0648503,0.130446,0.0240052,0.0366291,0.0596078,0.0692422,0.027416,0.074152,0,0.0671946,0,0.0161402,0.0131317,0.110251,0.254479,0,0.0199259,0.0160835,0.0219358,0.101691,0.0692686,0.0148963,0.114274,0,0,0.110279,0.0932264,0.0890775,0,0.101998,0.0133639,0.0214876,0,0.0272517,0.076984,0.0710876,0.043811,0.0142,0.0651192,0,0.0222895,0.0250603,0.0983633,0.0730438,0.0505543,0.0941781,0.148016,0.0343957,0.0908512,0.0611633
60,0,0.10436,0.0172308,0.0380187,0.028922,0.0259162,0.0950753,0,0.0118485,0,0,0.089176,0.0299256,0.0490444,0.092399,0.0226864,0.0205746,0.0135086,0,0.0727635,0.034392,0.0327776,0,0.0893888,0.0267122,0.0401784,0.0688813,0,0,0.0209026,0.114844,0,0,0.0719237,0.0636677,0.0104758,0.139479,0.106674,0.117154,0.0918062,0.0977044,0.0936338,0.0898867,0,0,0.0826619,0.154262,0.0241753,0.0369435,0.057528,0.0666888,0.0252413,0.0648461,0,0.0700489,0,0.0195576,0.0178369,0.111767,0.262361,0,0.0271373,0.0167545,0.016749,0.0891178,0.0802948,0.0192853,0.119158,0,0,0.115336,0.107061,0.0969584,0,0.107626,0.0189745,0.0258757,0,0.0248523,0.077671,0.0715318,0.0323823,0.0167267,0.0650617,0,0.0179311,0.0153611,0.111734,0.0601615,0.0570971,0.0982301,0.15751,0.0394282,0.0922247,0.0640469
61,0,0.120459,0.0181308,0.0486376,0.0243347,0.030189,0.116086,0,0.00426913,0,0,0.115889,0.0367067,0.0548173,0.0918732,0.00466648,0.00848981,0.00818737,0,0.0723191,0.0393436,0.0321764,0,0.0845968,0.0338355,0.0448159,0.0976923,0,0,0.0236698,0.145603,0,0,0.0484925,0.041684,0.0185331,0.140333,0.107688,0.146641,0.0993522,0.107047,0.0960906,0.105384,0,0,0.110676,0.17971,0.0233104,0.0326118,0.0380457,0.0465913,0.0202934,0.0551672,0,0.0709421,0,0.0216747,0.0227908,0.112842,0.262107,0,0.0321909,0.0239081,0.0072164,0.0778415,0.0833874,0.0213221,0.121279,0,0,0.119808,0.121183,0.109019,0,0.11201,0.0255317,0.0281291,0,0.0327662,0.0865336,0.0660639,0.0177,0.0196425,0.0682824,0,0.0127853,0.00633515,0.124122,0.0504409,0.0612749,0.108328,0.158209,0.0435292,0.0675108,0.0673127
62,0,0.118075,0.0277271,0.0597548,0.0176153,0.0370198,0.120094,0,0.0216876,0,0,0.127791,0.0496938,0.0546947,0.0925682,0.0305277,0.0285471,0.0400358,0,0.0516098,0.0365065,0.0260368,0,0.0768281,0.0331668,0.0421358,0.118,0,0,0.0328554,0.163927,0,0,0.0173855,0.0134054,0.0405302,0.119868,0.0851947,0.163644,0.0843808,0.114122,0.0740429,0.102192,0,0,0.129195,0.191758,0.0287122,0.0261753,0.029349,0.032992,0.01523,0.0493864,0,0.0733973,0,0.030749,0.0339035,0.110242,0.246897,0,0.0403865,0.0450787,0.0128236,0.0747189,0.0720791,0.0266628,0.117803,0,0,0.119775,0.124501,0.118276,0,0.11196,0.0344932,0.0328437,0,0.0506614,0.106359,0.0522796,0.0108165,0.0290081,0.0784875,0,0.0188869,0.0203807,0.133925,0.0528565,0.0631823,0.120124,0.142502,0.0430256,0.0216151,0.0726455
63,0,0.0941055,0.0521017,0.0730525,0.0330582,0.0509163,0.0974429,0,0.0494926,0,0,0.109464,0.0682606,0.053,0.0999972,0.069179,0.0624289,0.0789402,0,0.0178149,0.029659,0.0319626,0,0.0752749,0.0281051,0.0379151,0.102554,0,0,0.0525635,0.149938,0,0,0.0762543,0.0749599,0.0689169,0.0870363,0.0455092,0.151033,0.0542461,0.120123,0.0331841,0.0764331,0,0,0.113256,0.175281,0.0457491,0.0325127,0.0810509,0.0800632,0.0367328,0.0584753,0,0.0830109,0,0.054223,0.0536552,0.106585,0.218014,0,0.0576691,0.0731421,0.0370237,0.0827171,0.0521737,0.0421196,0.112064,0,0,0.115363,0.124728,0.13083,0,0.109045,0.0512273,0.0475007,0,0.0734308,0.134532,0.0393341,0.0321854,0.0522564,0.094876,0,0.0443498,0.0481397,0.145615,0.0690633,0.071195,0.135377,0.111659,0.0479816,0.076495,0.0815038
64,0,0.0643841,0.0786994,0.085276,0.0541014,0.0655914,0.0624264,0,0.0756198,0,0,0.0642411,0.0836285,0.0554808,0.111177,0.0984672,0.0883636,0.10862,0,0.0217706,0.0219989,0.0487547,0,0.0792721,0.0213964,0.0336892,0.0521975,0,0,0.0704139,0.0995261,0,0,0.129621,0.127611,0.0905499,0.0635787,0.0206178,0.106138,0.0522818,0.125323,0.0422787,0.0567796,0,0,0.0621408,0.132106,0.0621245,0.0460367,0.128042,0.126281,0.0603417,0.0818676,0,0.0956709,0,0.0800624,0.0711476,0.106722,0.18628,0,0.076908,0.0970595,0.056951,0.0904767,0.0437019,0.0577856,0.107821,0,0,0.106815,0.135874,0.151446,0,0.104453,0.0661511,0.0637932,0,0.0913695,0.161329,0.042525,0.0502634,0.0781476,0.109936,0,0.0709872,0.0745208,0.158337,0.0847592,0.082105,0.151993,0.0782546,0.0606032,0.138983,0.0898516
65,0,0.0702595,0.102644,0.0843069,0.0573438,0.0656775,0.0803907,0,0.0955294,0,0,0.0622076,0.0837901,0.0513877,0.116353,0.11388,0.10012,0.123536,0,0.0503205,0.0236407,0.050301,0,0.0792114,0.0259002,0.0259807,0.0909205,0,0,0.0749293,0.0676144,0,0,0.162151,0.158884,0.0990739,0.0701817,0.047365,0.07318,0.0850165,0.125229,0.089742,0.0909174,0,0,0.0918755,0.0976752,0.0636367,0.0482016,0.155358,0.153881,0.0641932,0.103149,0,0.100467,0,0.10391,0.0776398,0.1045,0.169334,0,0.0895622,0.107631,0.0621761,0.0860066,0.0417015,0.0597956,0.0946769,0,0,0.0859334,0.156979,0.16881,0,0.0875421,0.0663372,0.065561,0,0.0902551,0.180299,0.0647996,0.0604189,0.102054,0.109691,0,0.0939267,0.0944812,0.173464,0.0892634,0.0950876,0.157992,0.0616773,0.0605494,0.179151,0.0864636
66,0,0.0892227,0.122065,0.0678429,0.0411985,0.0486839,0.116775,0,0.110275,0,0,0,0.0683526,0.0373608,0.112219,0.122867,0.10442,0.130356,0,0.0627846,0.0368638,0.0325091,0,0.07455,0.0397193,0.026042,0.191154,0,0,0.0691394,0,0,0,0.176362,0.169921,0.10104,0.0853753,0.0570653,0,0.0973538,0.119917,0.109544,0.121226,0,0,0.165489,0,0.0495221,0.0387277,0.164488,0.164566,0.047565,0.114049,0,0.093669,0,0.125966,0.0764497,0.0966682,0.170284,0,0.0914068,0.105172,0.0562952,0.0728685,0.0345612,0.0450785,0.0653653,0,0,0.0491648,0.182598,0.180785,0,0.0539077,0.0541081,0.0486127,0,0.0683334,0.192588,0.0962209,0.0733707,0.122374,0.0908416,0,0.113992,0.108937,0.193064,0.0857672,0.112847,0.158684,0.069035,0.0415454,0.195697,0.0682618
67,0,0.0806651,0.130262,0.0463915,0.027539,0.0284545,0.11282,0,0.117052,0,0,0.118486,0.046427,0.033494,0.102842,0.121778,0.100768,0.126614,0,0.0586905,0.0419357,0.020143,0,0.0652563,0.0415517,0.0325682,0,0,0,0.0592992,0.117042,0,0,0.168226,0.151552,0.0973023,0.0897163,0.042514,0.103471,0.0804566,0.111912,0.0949444,0.112537,0,0,0,0.0907674,0.0310224,0.0328718,0.146574,0.148334,0.0340218,0.115969,0,0.0804119,0,0.132252,0.0707453,0.0902525,0.175582,0,0.0799925,0.10054,0.0459774,0.0639672,0.046698,0.0219935,0.0388828,0,0,0.0179411,0.195873,0.189522,0,0.0293938,0.040011,0.0221398,0,0.0393462,0.193694,0.114618,0.088637,0.130692,0.0643298,0,0.122909,0.115884,0.209671,0.0817386,0.127579,0.167081,0.0861493,0.0284508,0.175848,0.0447308
68,0,0.052373,0.108961,0.0231135,0.0424119,0.0252485,0.076818,0,0.0992644,0,0,0,0.0163483,0.0470429,0.0900278,0.0875074,0.0689262,0.0909239,0,0.0445138,0.0336302,0.0403536,0,0.0455916,0.0300016,0.0291185,0,0,0,0.0355918,0,0,0,0.12346,0,0.0690425,0.0807627,0.018596,0,0.0526655,0.093057,0.0639435,0.0780398,0,0,0.177918,0,0.0233612,0.0402328,0,0,0.0495775,0.0987213,0,0.0635316,0,0.09806,0.0493484,0.0854507,0.174025,0,0.0474245,0.103352,0.0232066,0.0396125,0.0669981,0.0171097,0.0493167,0,0,0.0491383,0.174286,0.187134,0,0.0539399,0.0265504,0.0134699,0,0.0290463,0.164185,0.0993629,0.0696491,0.106058,0.0380461,0,0.099945,0.100182,0.210985,0.062469,0.126747,0.177785,0.0972971,0.0514169,0,0.0238495
69,0,0.0328782,0.049368,0.0256259,0.0656984,0.0456685,0.0417464,0,0.0425428,0,0,0.0605985,0.026531,0.0705827,0.0766693,0.0151786,0.0173264,0.0139885,0,0.0300052,0.0290555,0.0645645,0.0115528,0.0728521,0.0328796,0.02396,0,0,0,0.034545,0.0407782,0,0,0,0.0144243,0.0277654,0.0635919,0.0245836,0.0396145,0.0334684,0.0671675,0.0371538,0.0439153,0,0,0.146474,0.0562925,0.0458304,0.0614445,0.00989216,0.0239011,0.0711731,0.0570193,0,0.0484109,0,0.0214173,0.0218977,0.0791655,0.167614,0,0.0186504,0.115529,0.0342145,0,0.076277,0.0489523,0.0765203,0,0,0.0843265,0,0.162614,0,0.0848925,0.0370995,0.0451085,0,0.0486348,0.0884333,0.0779299,0,0.0360507,0.0257627,0,0.0382598,0.0518569,0.192879,0,0.112898,0.174559,0.0997023,0.0796003,0.0339816,0.0351514
70,0,0.0323266,0,0.0606508,0.094875,0.0789568,0.0285043,0,0,0,0,0.0447331,0.0749067,0.107029,0.0815769,0.0984773,0.100148,0.0909664,0,0.0233152,0.0475879,0.0979827,0,0.155931,0.0544383,0.0413008,0,0,0,0.0989082,0.0425983,0,0,0,0,0.0959068,0.061965,0.0488119,0.0443784,0.0248383,0.0723902,0.0268966,0.0205844,0,0,0.111945,0.0788414,0.0837807,0.0968782,0,0,0.0958485,0.0973224,0,0.0603241,0,0,0.0825768,0.0789089,0.174832,0,0.0952084,0.123424,0.10149,0,0.0748134,0.0872348,0.0952377,0,0,0.107383,0,0,0,0.103413,0.0810272,0.0779231,0,0.0721394,0,0,0,0,0.0399857,0,0.0908811,0.0839279,0.193296,0.0709208,0.151873,0,0.106802,0.108767,0,0.0699639
71,0,0.077873,0.297945,0.092853,0.131166,0.115999,0.0767407,0,0.22378,0,0,0.0838451,0.11494,0.148424,0.110265,0.197739,0.187304,0.189257,0,0.0140747,0.0611265,0.143304,0,0.240858,0.0599306,0.063787,0,0,0,0.164056,0.108223,0,0,0,0.296031,0.177433,0.0929911,0.0783421,0.10777,0.0536954,0.115452,0.0555611,0.0618782,0,0,0.091056,0.140603,0.121625,0.136177,0.280165,0.332539,0.131762,0.222067,0,0.0948753,0,0.305474,0.17544,0.110719,0.213303,0,0.200651,0.115856,0.189512,0.345701,0.0925622,0.130512,0.107572,0,0,0.120121,0.176847,0.116263,0,0.111574,0.132411,0.107525,0,0.092995,0.247358,0.294297,0.321183,0.30002,0.0625936,0,0.202351,0.20861,0,0,0,0.133236,0.139489,0.143304,0.368146,0.100364
